{
    "moneyCount": "You have <gt>{{money}}</gt> α-coins",
    "moneyPerSec": "You're getting {{gainPerSec}} α-coins per second",

    "pbtitle1": "Prestige",
    "pbtitle2": "Coin Challenges",

    "pbcurrency1": "α-coins",

    "crystalCount": "You have <ct>{{crystals}}</ct> crystals",
    "prestigeDisabled": "Collect 1е15 α-coins",
    "prestigeEnabled": "Reset everything for {{crystalsTemp}} crystals {{prestigeCountMultiplierText}}",
    "prestigeCountMultiplierText": "and {{prestigeCountMultiplier}} prestiges",

    "maxUpgradesTrue": "Buy All",
    "maxUpgradesFalse": "Buy One",

    "eventButton": "Events",
    "eventButtonSpiritual": "Events ({{spirits}})",
    "settingsButton": "Settings",
    "clickerButton": "Clicker",
    "achievementsButton": "Achievements",
    "informationSubButton": "Information",
    "statisticsSubButton": "Statistics",
    "shopButton": "Super shop ({{superCoins}})",
    "multipliersSubButton": "Multipliers",
    "aboutButton": "About game",
    "saveButton": "Saving",
    "graphicButton": "Graphic",
    "otherButton": "Other",
    "moneyButton": "Coins",
    "overdriveButton": "Overdrive",
    "prestigeButton": "Prestige",
    "prestigeUpgradesButton": "Upgrades",
    "milestonesButton": "Milestones",
    "automationButton": "Automation",
    "shardsButton": "Shards",

    "settingsTitle": "Settings",

    "saveTitle": "Saving settings",
    "graphicTitle": "Graphic settings",
    "otherTitle": "Other settings",

    "saveGame": "Save game",
    "loadGame": "Load game",
    "autosaveGame": "Auto save: {{autoSave}}",
    "importGame": "Import game",
    "importGameFromAFile": "Import game from a file",
    "exportGame": "Export game",
    "changeLanguage": "Change language",
    "mutingAudio": "Muted song: {{status}}",
    "changelog": "Changelog",
    "hardReset": "Hard reset",
    "gameLore": "My Diary",
    "howToPlay": "How to play?",
    "hotkeys": "Hotkeys: M - Max Buy, P - Do Prestige",
    "autoSave": "Autosaving: {{autoSaverTimer}}s",

    "resetConfirm": "Do you really want reset the game?",
    "oopsNaNed": "Oops, you've got NaNed and your save got corrupted, would you like to do hard reset?",
    "yes": "Yes",
    "no": "No",

    "umultiplierText": "<ut>U-multiplier ({{umultipliercount}})</ut> <br> Reset upgrades to give a x{{umultiplierBase}} multiplier to α-coin gain <br> Currently: x{{umultiplier}} <br> Requires: {{umultiplierCost}} Small Investments",
    "upowerText": "<ut>U-power ({{upowercount}})</ut> <br> Reset upgrades and U-multipliers to give a +{{upowerBase}} exponent to α-coin gain <br> Currently: ^{{upower}} <br> Requires: {{upowerCost}} Small Investments and 4 U-multiplers",

    "maxBuy": "Buy Max",

    "firstBuyable": "<ut>Small Investment ({{firstBuyableAmount}})</ut> <br> Increase the α-coins per second <br> Currently: +{{firstBuyableEffect}} <br> Cost: {{firstBuyablePrice}} α-coins",
    "secondBuyable": "<ut>Productivity ({{secondBuyableAmount}})</ut> <br> Increase Small Investment effect <br> Currently: +{{secondBuyableEffect}}% <br> Cost: {{secondBuyablePrice}} α-coins",
    "thirdBuyable": "<ut> Doubler ({{thirdBuyableAmount}})</ut> <br> Multiply the α-coins per click by 2 <br> Currently: x{{thirdBuyableEffect}} <br> Cost: {{thirdBuyablePrice}} α-coins",
    "fourthBuyable": "<ut> Multiplier ({{fourthBuyableAmount}})</ut> <br> Multiply the α-coins per second by {{effect}} <br> Currently: x{{fourthBuyableEffect}} <br> Cost: {{fourthBuyablePrice}} α-coins",
    "fifthBuyable": "<ut> Alpha Power ({{fifthBuyableAmount}})</ut> <br> Increase the power of α-coins per click <br> Currently: ^{{fifthBuyableEffect}} <br> Cost: {{fifthBuyablePrice}} α-coins",

    "firstSingle": "<ut> Rich Fame </ut> <br> Increase the α-coins per second based on total α-coins <br> Currently: x{{firstSingleEffect}} <br>  {{firstSinglePrice}}",
    "secondSingle": "<ut> Midas Cursor </ut> <br> Increase the α-coins per click based on total clicks <br> Currently: x{{secondSingleEffect}} <br> {{secondSinglePrice}}",
    "thirdSingle": "<ut> Doubler+ </ut> <br> Doubles α-coin gain by 2 <br> Currently: x{{thirdSingleEffect}} <br> {{thirdSinglePrice}}",
    "fourthSingle": "<ut> Motivation </ut> <br> Increase Productivity effect based on Small Investment amount <br> Currently: x{{fourthSingleEffect}} <br> {{fourthSinglePrice}}",
    "fifthSingle": "<ut> Double Multiplier </ut> <br> Multiplier amount increases their effect<br> Currently: x{{fifthSingleEffect}} <br> {{fifthSinglePrice}}",
    "sixthSingle": "<ut> Negative Alpha Particle </ut> <br> Increase the α-coins per second based on α-coins per click <br> Currently: x{{sixthSingleEffect}} <br> {{sixthSinglePrice}}",
    "seventhSingle": "<ut> Cashback </ut> <br> All purchases increase the α-coin gain<br> {{isCapped}}: x{{seventhSingleEffect}} <br>  {{seventhSinglePrice}}",
    "eighthSingle": "<ut> Reward For Feats </ut> <br> Unlocked achievements boosts the α-coins per click <br> Currently: x{{eighthSingleEffect}} <br> {{eighthSinglePrice}}",
    "ninthSingle": "<ut> Activity 1.0 </ut> <br> Increases power of Rich Fame based on played time <br> {{isCapped}}: ^{{ninthSingleEffect}} <br> {{ninthSinglePrice}}",
    "tenthSingle": "<ut> Blessing </ut> <br> Increase power of achievement multipliers <br> Currently: ^{{tenthSingleEffect}}<br>  {{tenthSinglePrice}}",

    "firstSinglePriceText": "Cost: {{firstSinglePrice}} α-coins",
    "secondSinglePriceText": "Cost: {{secondSinglePrice}} α-coins",
    "thirdSinglePriceText": "Cost: {{thirdSinglePrice}} α-coins",
    "fourthSinglePriceText": "Cost: {{fourthSinglePrice}} α-coins",
    "fifthSinglePriceText": "Cost: {{fifthSinglePrice}} α-coins",
    "sixthSinglePriceText": "Cost: {{sixthSinglePrice}} α-coins",
    "seventhSinglePriceText": "Cost: {{seventhSinglePrice}} α-coins",
    "eighthSinglePriceText": "Cost: {{eighthSinglePrice}} α-coins",
    "ninthSinglePriceText": "Cost: {{ninthSinglePrice}} α-coins",
    "tenthSinglePriceText": "Cost: {{tenthSinglePrice}} α-coins",

    "firstPrestigeBuyable": "<ut> Brilliant Doubler ({{firstPrestigeBuyableAmount}})</ut> <br> Doubles crystals per Prestige <br> Effect: x{{firstPrestigeBuyableEffect}} <br> Cost: {{firstPrestigeBuyablePrice}} crystals",
    "secondPrestigeBuyable": "<ut> Gem Investment ({{secondPrestigeBuyableAmount}})</ut> <br> Reduces time of passive crystals gain <br> Effect: /{{secondPrestigeBuyableEffect}} <br> Cost: {{secondPrestigeBuyablePrice}} crystals",

    "firstPrestigeSingle": "<ut> Money Pillow </ut> <br> Start U-Multipliers, U-Powers, Prestiges with 1000 α-coins<br> {{firstPrestigeSinglePrice}}",
    "secondPrestigeSingle": "<ut> Activity 2.0 </ut> <br> Increases exponent of α-coin gain based on spent time<br> {{secondPrestigeSinglePrice}}",
    "thirdPrestigeSingle": "<ut> Charisma </ut> <br> Increases multiplicative chance of Super Coins by 50% per click/second and by 100% offline <br> {{thirdPrestigeSinglePrice}}",
    "fourthPrestigeSingle": "<ut> Sparkling U-Multiplier </ut> <br> Base effect of U-Multipliers is increased to 2.5 (2.0 -> 2.5) <br> {{fourthPrestigeSinglePrice}}",
    "fifthPrestigeSingle": "<ut> Gift From Nobody </ut> <br> Starts U-Multipliers, U-Powers, and Prestiges with 1 each purchased upgrade. <br> {{fifthPrestigeSinglePrice}}",
    "sixthPrestigeSingle": "<ut> Precious X </ut> <br> Base effect of Multiplier is increased to 1.075 (1.05 -> 1.075) <br> {{sixthPrestigeSinglePrice}}",
    "seventhPrestigeSingle": "<ut> Crystal Card </ut> <br> Post-100 Cashback hardcap disappears <br> {{seventhPrestigeSinglePrice}}",
    "eighthPrestigeSingle": "<ut> Powerful Boost </ut> <br> Base bonus of U-Power is increased to 1.05 (1.045 -> 1.05) <br> {{eighthPrestigeSinglePrice}}",
    "ninthPrestigeSingle": "<ut> Hourglass </ut> <br> Start Prestiges with x{{multi}} α-coin gain, which decreases over {{time}} minutes <br> {{ninthPrestigeSinglePrice}}",
    "tenthPrestigeSingle": "<ut> Anti-Hourglass </ut> <br> α-сoin gain increases overtime in current Prestige <br> {{tenthPrestigeSinglePrice}}",
    "eleventhPrestigeSingle": "<ut> Course Stabilization </ut> <br> Post-e13 α-coins softcap per click/second reduced to ^0.55 (^0.5 -> ^0.55) <br> {{eleventhPrestigeSinglePrice}}",
    "twelfthPrestigeSingle": "<ut> Crystal Overload </ut> <br> Each Prestige gives 10 Shards <br> {{twelfthPrestigeSinglePrice}}",
    "thirteenthPrestigeSingle": "<ut> Backup 1.0 </ut> <br> Starts U-Powers and Prestiges with 1 U-Multiplier <br> {{thirteenthPrestigeSinglePrice}}",
    "fourteenthPrestigeSingle": "<ut> Backup 2.0 </ut> <br> Starts U-Powers and Prestiges with 2 U-Multipliers <br> {{fourteenthPrestigeSinglePrice}}",
    "fifteenthPrestigeSingle": "<ut> Backup 3.0 </ut> <br> Starts U-Powers and Prestiges with 3 U-Multipliers <br> {{fifteenthPrestigeSinglePrice}}",
    "sixteenthPrestigeSingle": "<ut> Enhanced Backup </ut> <br> Starts Prestiges with 1 U-Power and 4 U-Multipliers <br> {{sixteenthPrestigeSinglePrice}}",  
    
    "firstPrestigeSinglePriceText": "Cost: {{firstPrestigeSinglePrice}} crystals",
    "secondPrestigeSinglePriceText": "Cost: {{secondPrestigeSinglePrice}} crystals",
    "thirdPrestigeSinglePriceText": "Cost: {{thirdPrestigeSinglePrice}} crystals",
    "fourthPrestigeSinglePriceText": "Cost: {{fourthPrestigeSinglePrice}} crystals",
    "fifthPrestigeSinglePriceText": "Cost: {{fifthPrestigeSinglePrice}} crystals",
    "sixthPrestigeSinglePriceText": "Cost: {{sixthPrestigeSinglePrice}} crystals",
    "seventhPrestigeSinglePriceText": "Cost: {{seventhPrestigeSinglePrice}} crystals",
    "eighthPrestigeSinglePriceText": "Cost: {{eighthPrestigeSinglePrice}} crystals",
    "ninthPrestigeSinglePriceText": "Cost: {{ninthPrestigeSinglePrice}} crystals",
    "tenthPrestigeSinglePriceText": "Cost: {{tenthPrestigeSinglePrice}} crystals",
    "eleventhPrestigeSinglePriceText": "Cost: {{eleventhPrestigeSinglePrice}} crystals",
    "twelfthPrestigeSinglePriceText": "Cost: {{twelfthPrestigeSinglePrice}} crystals",
    "thirteenthPrestigeSinglePriceText": "Cost: {{thirteenthPrestigeSinglePrice}} crystals",
    "fourteenthPrestigeSinglePriceText": "Cost: {{fourteenthPrestigeSinglePrice}} crystals",
    "fifteenthPrestigeSinglePriceText": "Cost: {{fifteenthPrestigeSinglePrice}} crystals",
    "sixteenthPrestigeSinglePriceText": "Cost: {{sixteenthPrestigeSinglePrice}} crystals",

    "prestigeSingleEffectText": "Currently: x{{effect}}",
    "prestigeSingleEffectPowerText": "Currently: ^{{effect}}",

    "notCapped": "Currently",
    "capped": "Capped",

    "overdriveType1Name": "Overdrive Type 1",
    "overdriveType1Progress": "{{overdrivePercent}}% <br> Effect: x{{overdriveEffect}} to α-coin gain <br> Cost: {{overdrivePrice}} α-coins",

    "prestigeMilestone1": "<ut>Milestone 1</ut> Requirement: 1 prestige <it>Reward: Shards</it>",
    "prestigeMilestone2": "<ut>Milestone 2</ut> Requirement: 2 prestige <it>Reward: Single Upgrades Automation</it>",
    "prestigeMilestone3": "<ut>Milestone 3</ut> Requirement: 3 prestige <it>Reward: Buyable Upgrades Automation</it>",
    "prestigeMilestone4": "<ut>Milestone 4</ut> Requirement: 4 prestige <it>Reward: U-Multipliers Automation</it>",
    "prestigeMilestone5": "<ut>Milestone 5</ut> Requirement: 5 prestige <it>Reward: U-Boosters Automation</it>",
    "prestigeMilestone6": "<ut>Milestone 6</ut> Requirement: 10 prestige <it>Reward: Bulk Buy Upgrades Automation</it>",
    "prestigeMilestone7": "<ut>Milestone 7</ut> Requirement: 15 prestige <it>Reward: Start Resets with 1e6 α-сoins</it>",
    "prestigeMilestone8": "<ut>Milestone 8</ut> Requirement: 20 prestige <it>Reward: Prestige Automation</it>",
    "prestigeMilestone9": "<ut>Milestone 9</ut> Requirement: 25 prestige <it>Reward: Keep Single Upgrades After Resets</it>",
    "prestigeMilestone10": "<ut>Milestone 10</ut> Requirement: 30 prestige <it>Reward: Bulk Buy Prestige Upgrades</it>",
    "prestigeMilestone11": "<ut>Milestone 11</ut> Requirement: 40 prestige <it>Reward: Prestige Upgrades Automation</it>",
    "prestigeMilestone12": "<ut>Milestone 12</ut> Requirement: 50 prestige <it>Reward: Bulk Buy U-Multipliers</it>",
    "prestigeMilestone13": "<ut>Milestone 13</ut> Requirement: 60 prestige <it>Reward: Bulk Buy U-Boosters</it>",
    "prestigeMilestone14": "<ut>Milestone 14</ut> Requirement: 75 prestige <it>Reward: Expand Prestige Automation</it>",
    "prestigeMilestone15": "<ut>Milestone 15</ut> Requirement: 100 prestige <it>Reward: Bulk Prestige & Auto-Prestige</it>",
    "prestigeMilestone16": "<ut>Milestone 16</ut> Requirement: 500 prestige <it>Reward: Enables Offline Prestige based on your Best Prestiges/min without \"Buy All\"</it>",
    "prestigeMilestone17": "Coming Soon",
    "prestigeMilestone18": "Coming Soon",
    "prestigeMilestone19": "Coming Soon",
    "prestigeMilestone20": "Coming Soon",
    
    "singleAutomationTitle": "Auto-Single Upgrades",
    "buyableAutomationTitle": "Auto-Buyable Upgrades",
    "umultiplierAutomationTitle": "Auto-U-Multiplier",
    "upowerAutomationTitle": "Auto-U-Power",
    "prestigeAutomationTitle": "Auto-Prestige",

    "automationDesc": "Current interval: {{interval}}s",
    "automationDesc2": "Current interval: {{interval}}s | {{bulkBuyDesc}}",
    "bulkBuyDesc": "Bulk: x{{bulk}}",

    "decreaseInterval": "Decrease interval by {{percent}}% <br> Cost: {{price}} crystals",
    "increaseBulk": "Increase bulk buy by x2 <br> Cost: {{price}} crystals",

    "timePrestigeMode": "Mode: time in seconds",
    "coinsPrestigeMode": "Mode: α-coins",

    "intervalText": "Interval in X seconds",
    "requirementText": "Reset at X U-multipliers",

    "shardCount": "You have <shn>{{shards}}</shn> shards, which boosts α-coin gain by +<shn>{{percent}}</shn>%",
    "shardsPerSec": "You're {{shards}} gaining per second",

    "doBreakCrystal": "Break crystals",
    "breakCrystalTitle": "How much crystals do you want to break?",
    "breakCrystalDesc": "If you put % in the end of value this percentage will be subtracted from your crystals",
    "doBreak": "Break",

    "didBreakCrystal": "You have broken {{crystals}} crystals and got {{shards}} shards",
    "didNotBreakCrystal": "You typed incorrect value. The percentage must be from 0 to 100% and value is less than or equal to number of Crystals",

    "firstShardBuyable": "<ut> Crystal Gauntlet ({{amount}})</ut> <br> Doubles Shards per click <br> Effect: x{{effect}} <br> Cost: {{price}} shards",
    "secondShardBuyable": "<ut> Generator Boost ({{amount}})</ut> <br> Triples Shards per second <br> Effect: x{{effect}} <br> Cost: {{price}} shards",
    "thirdShardBuyable": "<ut> Powerful Crusher ({{amount}})</ut> <br> Increases 2 times the minimum and 1.5 times the maximum Shards per Break <br> Effect: x{{effect1}} for min and x{{effect2}} for max <br> Cost: {{price}} shards",

    "firstShardSingle": "<ut> Recycling </ut> <br> Increases Crystals gain based on Shards <br> Effect: x{{firstShardSingleEffect}} <br> {{firstShardSinglePrice}}" ,
    "secondShardSingle": "<ut> Caching </ut> <br> Increases the effects of purchased 1st and 2nd Shard upgrades based on broken Crystals <br> Effect: x{{secondShardSingleEffect}} <br> {{secondShardSinglePrice}}",
    "thirdShardSingle": "<ut> Diamond Discount </ut> <br> Reduces the cost of Shard upgrades based on Crystals <br> Effect: /{{thirdShardSingleEffect}} <br> {{thirdShardSinglePrice}}",
    "fourthShardSingle": "<ut> Prestige Fame </ut> <br> Amount of Shards increases power of their effect <br> Effect: ^{{fourthShardSingleEffect}} <br> {{fourthShardSinglePrice}} ",
    "fifthShardSingle": "<ut> ??? </ut> <br> Increases the ??? effect based on Recycled Crystals <br> Effect: ^{{fifthShardSingleEffect}} <br> {{fifthShardSinglePrice}}",
    "sixthShardSingle": "<ut> ??? </ut> <br> Reduces the cost of recycling ??? ??? due to the number of total Shards <br> Effect: /{{sixthShardSingleEffect}} <br> {{sixthShardSinglePrice}}",

    "firstShardSinglePriceText": "Cost: {{firstShardSinglePrice}} shards",
    "secondShardSinglePriceText": "Cost: {{secondShardSinglePrice}} shards",
    "thirdShardSinglePriceText": "Cost: {{thirdShardSinglePrice}} shards",
    "fourthShardSinglePriceText": "Cost: {{fourthShardSinglePrice}} shards",
    "fifthShardSinglePriceText": "Cost: {{fifthShardSinglePrice}} shards",
    "sixthShardSinglePriceText": "Cost: {{sixthShardSinglePrice}} shards",

    "shardUnlockable1": "<ut> Shard Generator ({{percent}}%): </ut> <br> {{consumedShards}}/{{price}}",
    "shardUnlockable2": "<ut> Clicker ({{percent}}%): </ut> <br> {{consumedShards}}/{{price}}",
    "shardUnlockable3": "<ut> Buyable upgrades ({{percent}}%): </ut> <br> {{consumedShards}}/{{price}}",
    "shardUnlockable4": "<ut> Single upgrades ({{percent}}%): </ut> <br> {{consumedShards}}/{{price}}",

    "achievementsTitle": "Achievements",

    "achievementsDesc": "Unlock achievements and get bonus for α-coins gain! Also some of them has own rewards. For filling a row you will get significant boost for it",
    "achievementsBonus": "Achievements provides a: x{{achievementBonus}} multiplier for α-coins",
        "achRow1": {
            "name": ["\"Without walkers\"", "\"First thousand\"", "\"I'm calling a police! No, I do!\"", "\"Breakin da wall\"", "\"Master clicker\"", "\"Hellish productivity\"", "\"Time to sleep!\"", "\"Another breakin da wall\"", "\"Million multiplier\"", "\"Final stretch?\"", "\"I was waiting for you...\"","\"I wish I escape this infinity offline production coding\"","\"Who the hell needs those crystals?\"","\"Maybe I need just to bypass the wall?\"","\"U-multimultiplier\"","\"Shard palace\"","\"Is this a Prestige?\"","\"Crystal Tycoon\"","\"BRAKES FOR LOSERS\"","\"WHAT THE HELL IS KILOMETER?\""]
        },
    "achievement11Desc": "<ut> Without walkers (11) </ut> <br> <br> Begin generating α-coins!",
    "achievement12Desc": "<ut> First thousand (12) </ut> <br> <br> Collect 1000 α-coins.",
    "achievement13Desc": "<ut> I'm calling a police! No, I do! (13) </ut> <br> <br> Make α-coins per click x2.01 more than α-coins per second.",
    "achievement14Desc": "<ut> Breakin da wall! (14) </ut> <br> <br> Do U-Multiplier.",
    "achievement15Desc": "<ut> Master clicker (15) </ut> <br> <br> Make 1000 clicks. <br> <br> <it> Reward: Every click increases CPS by +0.01%. Also unlocks \"Max all\" button.</it>",
    "achievement16Desc": "<ut> Hellish productivity (16) </ut> <br> <br> Make Productivity effect 6666% <br> <br> <it> Reward: Increase base effect of Productivity to 1.1.</it>",
    "achievement17Desc": "<ut> Time to sleep! (17) </ut> <br> <br> Spend 1000 seconds in game. <br> <br> <it> Reward: Every minute increases Cashback effect by х(1.05*hours).</it>",
    "achievement18Desc": "<ut> Another breakin da wall (18) </ut> <br> <br> Do U-Power.",
    "achievement19Desc": "<ut> Million multiplier (19) </ut> <br><br> Reach x1e6 multiplier of Doubler. <br><br> <it> Reward: Makes Midas Cursor formula better.</it>",
    "achievement20Desc": "<ut> Final stretch? (20) </ut> <br> <br> Buy all upgrades. <br> <br> <it> Reward: Unlock Prestige.</it>",
    "achievement21Desc": "<ut> I was waiting for you... (21) </ut> <br> <br> Become Prestige.",
    "achievement22Desc": "<ut> I wish I escape this infinity offline production coding (22) </ut> <br> <br> Spend 3 days in a game. <br> <br><it> Reward: Offline generation of crystals every 12 hours.</it>",
    "achievement23Desc": "<ut> Who the hell needs those crystals? (23) </ut> <br> <br> Break 100 crystals.",
    "achievement24Desc": "<ut> Maybe I need just to bypass the wall? (24) </ut> <br> <br> Do Prestige without U-power resets. <br> <br> <it> Reward: Base requirement for U-power decreased by 10.</it>",
    "achievement25Desc": "<ut> U-multimultiplier (25) </ut> <br> <br>Get 10 U-multipliers.",
    "achievement26Desc": "<ut> Shard palace (26) </ut> <br> <br> Build Shard Clicker and Shard Generator.",
    "achievement27Desc": "<ut> Is this a Prestige? (27) </ut> <br> <br> Complete Prestige in less than 10 seconds. <br> <br> <it> Reward: Increases Hourglass bonus to x10 and expire time to 10 minutes instead of 5.</it>",
    "achievement28Desc": "<ut> Crystal Tycoon (28) </ut> <br> <br> Buy all Prestige Upgrades. <br> <br> <it> Reward: α-coin gain x4, crystals gain x4.</it>",
    "achievement29Desc": "<ut> BRAKES FOR LOSERS (29) </ut> <br> <br> Fill 25% Overdrive Type 1. <br> <br> <it> Reward: Overdrive Type 1 bonus increased by 10%</it>",
    "achievement30Desc": "<ut> WHAT THE HELL IS KILOMETER? (30) </ut> <br> <br> Complete 16 Prestige Milestones. <br> <br> <it> Reward: Each Prestige reset increases Shard bonus by 1%.</it>",

    "stastisticsTitle": "Statistics",

    "totalMoney": "Total you collected {{totalCoins}}  α-coins.",
    "totalSuperMoney": "Total you collected {{totalSuperCoins}} Super Coins.",
    "totalCrystals": "Total you collected {{totalCrystals}} Crystals.",
    "totalPrestiges": "Total you became Prestige {{prestiges}} times.",
    "gameTime": "You have played for {{gameDaysText}} days, {{gameHoursText}} hours, {{gameMinutesText}} minutes and {{gameSecondsText}} seconds.",
    "prestigeTime": "You've been in this Prestige for {{prestigeDaysText}} days, {{prestigeHoursText}} hours, {{prestigeMinutesText}} minutes and {{prestigeSecondsText}} seconds.",
    "fastestPrestigeTime": "Your fastest Prestige took{{fastestPrestigeDaysTextBool}}{{fastestPrestigeHoursTextBool}}{{fastestPrestigeMinutesTextBool}} {{fastestPrestigeSecondsText}} seconds.",
    "offlinePrestigesStats": "You're gaining {{prestiges}} Prestiges/min и {{crystals}} Crystals/min while offline.",

    "fastestPrestigeDaysText": " {{fastestPrestigeDaysText}} days,",
    "fastestPrestigeHoursText": " {{fastestPrestigeHoursText}} hours,",
    "fastestPrestigeMinutesText": " {{fastestPrestigeMinutesText}} minutes and",

    "totalClicks": "You have made {{clickCount}} clicks!",

    "multipliersTitle": "Multiplier Breakdown",

    "totalMultiplier": "Total multiplier: ",
    
    "clickTitle": "Coins per click",
    "secondTitle": "Coins per second",
    "gainTitle": "Gain multiplier",
    "superCoinsChanceTitle": "Super-coin chance",
    "crystalsGainTitle": "Crystals",

    "postE13CoinSoftcap": "Post-e13 softcap: ",
    "postE15CoinSoftcap": "Post-e15 softcap: ",

    "doublerName": "Doubler: ",
    "midasCursorName": "Midas Cursor: ",
    "rewardName": "Reward For Feats: ",
    "goldenGloveName": "Golden Glove: ",
    "gainName": "Gain: ",
    "alphaPowerName": "Alpha Power: ",

    "smallInvestmentName": "Small Investment: ",
    "multiplierName": "Multiplier: ",
    "richFameName": "Rich Fame: ",
    "negativeAlphaName": "Negative Alpha Particle: ",
    "achievement15Name": "Achievement 15: ",
    "goldenClockName": "Golden Clock: ",
    
    "doublerPlusName": "Doubler+: ",
    "cashBack": "Cashback: ",
    "goldenKeyName": "Golden Key: ",
    "overdrive": "Overdrive: ",
    "achievement28Name": "Achievement 28: ",
    "pse9Name": "Hourglass: ",
    "pse10Name": "Anti-Hourglass: ",
    "shardsName": "Shards: ",
    "achievementsName": "Achievements: ",
    "umultiplierName": "U-multiplier: ",
    "upowerName": "U-power: ",
    "pse2Name": "Activity 2.0: ",

    "luckyCloverName": "Lucky Clover",
    "charismaName": "Charisma",

    "brilliantDoublerName": "Brillian Doubler",
    "recyclingName": "Recycling",

    "aboutGameTitle": "About game",

    "aboutGame": "<ut> Digital God 0.10. Prestige Update 2.0. Part 1. Shards.</ut> <br> Developed by Humfrey. <br> <br> Digital God was inspired by such awesome games: Antimatter Dimensions, Synergism, Prestige Tree. <br> <br> Thanks everyone for playing!<br>",
    "galaxyClickText": "Rate game on galaxy.click",
    "discordText": "Join to discord server",
    "telegramChatText": "Join to telegram chat (russian)",
    "telegramChannelText": "Join to telegram channel (russian)",
    "gmailText": "Send e-mail",

    "shopTitle": "Super-shop",
    "shopDesc": "Welcome to the Super-shop! Spend priceless Super Coins for exclusive items which improves your progress even more! Also you can respec BUYABLE items and get your Super Coins back.",
    "superCoinCount": "You have <st>{{supercoins}}</st> super coins",
    "shopTitle2": "Upgrades",
    "respecShop": "Respec",

    "firstShopBuyable": "<ut>Golden Glove ({{fshbAmount}}/100)</ut> <br> Increase α-coins per click <br> Effect: +{{fshbEffect}}% <br> {{fshbPrice}}",
    "secondShopBuyable": "<ut>Golden Clock ({{sshbAmount}}/100)</ut> <br> Increase α-coins per second <br> Effect: +{{sshbEffect}}% <br> {{sshbPrice}}",
    "thirdShopBuyable": "<ut>Golden Key ({{tshbAmount}}/100)</ut> <br> Increase α-coin gain <br> Effect: +{{tshbEffect}}% <br> {{tshbPrice}}",
    "fourthShopBuyable": "<ut>Lucky Clover ({{foshbAmount}}/100)</ut> <br> Increase the Super-coin chance <br> Effect: +{{foshbEffect}}% <br> {{foshbPrice}}",

    "firstShopSingle": "<ut>Broken Speedometer</ut> <br> Unlock Overdrive <br> {{fshsPrice}}",

    "firstShopBuyablePriceText": "Cost: {{fshbPrice}} super coins",
    "secondShopBuyablePriceText": "Cost: {{sshbPrice}} super coins",
    "thirdShopBuyablePriceText": "Cost: {{tshbPrice}} super coins",
    "fourthShopBuyablePriceText": "Cost: {{foshbPrice}} super coins",

    "firstShopSinglePriceText": "Cost: {{fshsPrice}} super coins",

    "offlineGainTitle": "Welcome back!",
    "offlineGain": "You have been offline for {{timeDifference}} seconds. <br> Here is what you earned while you were offline: <br> +{{moneyTemp}} α-coins. <br> +{{superCoinsTemp}} super coins. <br>{{offlineCrystalsTempText}} <br> {{offlinePrestigesTempText}} <br> {{offlineShardsTempText}}",

    "offlineCrystalsTempText": "+{{offlineCrystalsTemp}} crystals.",
    "offlinePrestigesTempText": "+{{offlinePrestigesTemp}} prestiges.",
    "offlineShardsTempText": "+{{offlineShardsTemp}} shards.",

    "saveGameNotification": "Game saved!",
    "loadGameNotification": "Game loaded!",
    "exportGameNotification": "Game exported!",
    "importGameNotification": "Game imported!",
    "resetGameNotification": "Game reseted!",
    "achievementGameNotification": "You've got an achievement: ",
    "loreGameNotification": "You have unlocked new chapter in dailybook!",

    "startDescription": "Choose version number above to check it's changelog.",
    "changeLogTitleText": "Changelog",

    "startLoreDescription": "Choose the chapter for read it's story",
    "storyTitleText": "My diary",

    "startHelpDescription": "Choose the page to read it",
    "helpTitleText": "How to play?",

    "codeInput": "Enter code",

    "codeIsTrue": "Code \"{{code}}\" is correct! <br> You've got +{{codeReward}}",
    "codeIsFalse": "Code \"{{code}}\" is wrong!",
    "codeIsUsed": "Code \"{{code}}\" is already has been used!",

    "getDailyReward": "Get daily reward",

    "dailyIsTrue": "You've got +{{superCoinsTemp2}} super coins! <br> Come back again in 24 hours.",
    "dailyIsFalse": "Reward will be available in {{dailyHours}}:{{dailyMinutes}}:{{dailySeconds}}",

    "code1Reward": "69 super coins",
    "code2Reward": "55 spirits",

    "version00": "<b>18.12.2022 | My 1st Clicker 0.0. Null Update (Codename: NULL):</b><br>- NEW MECHANIC! You need to clicking on the button for gaining α-coins.<br>- NEW 2 UPGRADES! First increases α-coin per click by 1, second increases bonus of first one by 10%.<br>- Some bugs like you sometimes cant get bonus from 2nd upgrade. Idk why.<br><br>[Dev comment]<br>This is a first game made by me from scratch, and i spent for it a some time. Well it's actually my second game, but that first made it's just mod.Idk if i want to continue it.",
    "version01": "<b>19.12.2022 | My 1st clicker 0.1. Graphic Update (Codename: BUTTON):</b><br>- Game has beautiful α-coin icon instead of depressed button.<br>- Upgrades buttons became a little better.<br>- A little decreasing of cost formula for upgrades.<br><br>[Dev comment]<br>Well i continued it and i did something good even with zero html and css skills, it's really impressive and i really should learn them both later.<br>There a really much things which i should do, and which i dont know how to do. Also i tried to add icons for buttons but when you buying upgrades it disappears, i should to link it somehow...",
    "version02": "<b>20.12.2022 | My 1st clicker 0.2. SAVE Update (Codename: Save):</b><br>- You can finally save n load the game by bottom buttons (but text for upgrades doesn't refresh).<br>- Changelog button added.<br>- Now CSS lines have moved to a separate .css file.<br>- BETA button changes. <br><br>[Dev comment]<br>Actually i did it in one day but now i have 20th December. Most funny thing that i spent for saving not much time. Next goal is new interesting upgrades.",
    "version03": "<b>28.01.2023 | My 1st clicker 0.3. More Graphic Update (Codename: CHEST):</b><br>- NEW UPGRADE! Third upgrade can boost yourα-coin gain by 5%.<br>- MAJOR DESIGN UPDATE! Game has some bg and font.<br>- AUTOSAVING! You can enable autosave, and it will save every 10 sec (When you load it does disable it).<br>- Recolored buttons (give me ideas about bottom one please idk what to do).<br>- Changedα-coin icon, it suits bg better.<br>- Changed cost formula to good one (logarithm goes brrr).<br>- Improved upgrade texts.<br>- Save n load contains prices.<br><br>[Dev comment]<br>Finally comeback for it and did not bad update tho. Added bg and some stuff. Next goal is new special upgrades.",
    "version04": "<b>29.01.2023 | My1stClicker 0.4. Simple Update (Codename: SIMPLE):</b><br>- NEW TYPE OF UPGRADES - SINGLE. You can buy them only once. Right?<br>- 3 NEW UPGRADES! First increases gain based on total α-coins, second doublesα-coin gain and third increases bonus of 2nd upgrade based on amount of 1st.<br>- Text in game has own language and doesn't have two languages like rus / eng.<br>- Fixed autosave jumping button.<br>- Buffed cost formula for upgrades.<br>- Game autoloads progress after page refresh.<br>- Now there is two changelogs: russian and english. <br>- NEW BUTTON - HARD RESET. It can blow up your saved files and reset everything in the game- After load text stays as before save.<br>- Upgrade's buttons has red color when you cant afford it and sligtly brightness when you hover on it and you can buy it. Also brightness affects on bottom buttons.<br><br>[Dev comment]<br>This is one more great upgrade for design (at least for me), next goals are tabs, honestly idk how to do them. And probably one more QoL upgrade :eyes:",
    "version05": "<b>08.02.2023 | My1stClicker 0.5. Revolution Update (Codename: ANTIMATTER):</b><br>Design changes:<br>- FULL REDESIGN OF GAME! Simple black bg, buttons with disabled/enabled/hovered functions, new coin icon.<br>- INTERFACE CHANGE! You can select 4 tabs: settings, clicker, ?????? and info.<br>- Save, Load, Changelog, Hard reset, Autosave buttons replaced to Settings tab.<br>- Improved button text. Added titles.<br>- Improved coin text. \"You have earned\" text replaced separately.<br>- Added information text with version, main goal, and thanks.<br>- Coins became α-coins.<br>- 1st, 2nd, 4th, 6th upgrades text updates every purchasing.<br>- Better russian translate for changelogru.<br>Gameplay changes:<br>- Added official goal - 1,000,000,000 α-coins. If you achieve this goal, there appears special tab.<br>- Fully changed cost formula for 1-3 upgrades. Now there is no inflation. I hope.<br>- Buffed 3rd upgrade effect from +1.05 to x1.05 (multiplies itself).<br>- Buffed 4th upgrade effect (log(x)/2 -> log(x)).<br>- Buffed 6th upgrade effect (log(x) -> log(x)^2).<br>- Reduced 6th upgrade cost (15,000,000 -> 5,000,000).<br><br>[Dev comment]<br>That's crazy, i've spent for it a week. Well I spent some hours everyday and finally 0.5 came out. Enjoy the first Revolution Update. Tbh i wanted to do this style earlier, but for some reason i didnt do it. Next update will contain that unknown thing.",
    "version051": "<b>15.02.2023 | My1stClicker 0.5.1:</b><br>Design changes:<br>- Finally top and upgrades buttons were centered.<br>- Now buying Productivity updates Small Investment (but does it weirdly sometimes doesn't but its formula issue).<br>- Autosaving turned on after starting new game.<br>- Great optimization of code for me. (Actually this update about it).<br>- Notice: update unstable because i have almost 1 AM and can't test it rn. You can do it yourself and send me some issues in discord Humf#9778.<br><br>[Dev comment]<br>Sorry for the little update, I'm just learning a little HTML, CSS and Vue.js (rn at CSS), so that's not procrastination! I wanna make fine interface especially for the next update. Ok you can check through console new 0.6 thing will be Prestige ofc. But what'll it make? Stay tuned!",
    "version06": "<b>09.03.2023 | Digital God 0.6. Prestige Update (Codename: PRESTIGE):</b><br>Design changes:<br>- Changed game name to Digital God 0.6. Reason: Game will be a clicker only at start, then after some upgrade money gain become automated and there is no will be any clicking things. I had idea make diamond gain clickable but that'll be weird.<br>- Added page icon. Lightning. God. Zeus.<br>- Buttons and text got smaller.<br>- Settings and Statistics has title.<br>- Improved settings buttons.<br>- Removed \"?????\" button, now it'll appear at 1e9 coins.<br>- Improved Stats text.<br>- Main upgrades doesn't have shades anymore.<br>- Saving and Loading now using stringify method.<br>- Tab buttons no longer has \"active mode\", but they changing color while hover.<br>- Some little improvements.<br>Feature changes:<br>- IMPORT AND EXPORT! You can make base64-encoded text and it'll contain all your values. You can create your savebank or share with your friends!<br>- CHANGE LANGUAGE! You can change language without refreshing page.<br>- Removed confirmation for changing message while refreshing page.<br>- Now Hard Reset doesn't refreshing page.<br>- Values has scientific notation after 1,000,000 number.<br>- Fixed autosaving was unchangeable.<br>Gameplay changes:<br>- PRESTIGE! Reset whole progress to get diamonds, which boosts your production!<br>- DIAMONDS! Spend them for new prestige upgrades which can boost your progress even further!<br>- NEW PRESTIGE UPGRADES! They have 4 layers: Buyable, Automatic, Single and last of them is Unlockable upgrades which unlocking next layers of prestige upgrades, they're always last in them row.<br>- AUTOMATION! After buying 5-7 Prestige Upgrades you will be able to autobuy upgrades or gain coins per second.<br>- Added softcaps for coin gain at e20 and e35 and for diamonds gain at 4000 and 100000.<br>- Slightly better formula for Superproductivity.<br>- Buffed cost formula for 1-3 Main Upgrades.<br><br>[Dev comment]<br>Finally! After 2 weeks I finish this update. It's biggest update in the history of game. I have seen so many bugs and errors, and so much or a little less i solved. The hardest thing for me was to figure out how to remove blue (purchased) color for 4-6 upgrades. I spent two days on this, and it's the reason why i abandoned the game for 2 weeks. The rest bugs were \"Problem on a problem\" when after solving one, another appeared, btw it was the reason to fix that \"hardest\" bug. I wanted to make changing language button, and it turned out to suffer and fix that bug. Well it wasn't hard. I'm glad i finished this update and didn't abandon it. I'll be really glad if you play it at least for a little and those works, that time i spent for making update (3-7 hours per day) will not pass in vain. What about name of the game? Let me explain with small lore: You, a poor creature, aspire to become a God in virtual reality, but you need incredible power of God, which lies in the some coins that you collect during the game and then spend to get even more. Each currency makes you stronger and more powerful. However will everything will be simple? Will Fortune help this time?",
    "version07": "<b>15.05.2023 | Digital God 0.7 | \"You really want it\" Update (Codename: QOL):</b><br>Design changes:<br>- Amount of coins, diamonds, and prestige reset button now displayed in header.<br>- Slightly changed buttons. Upgrade buttons size and settings buttons location.<br>- Added subtabs in Info page.<br>- Added notifications when saving, loading, importing, exporting, hard reseting.<br>- Fixed display of some upgrades effects.<br>- New stats: Time spent in the game/prestige, fastest prestige.<br>Feature changes:<br>- \"BUY ALL\" BUTTON! Now you can buy all stuff just by clicking that one button.<br>- Added possibility to make Prestige Reset by pressing \"P\" and Max Buy by pressing \"M\".<br>- Export always saves text file with save in your device (it's still copies into your clipboard).<br>Gameplay changes:<br>- Many Prestige Upgrades has been nerfed. But some of them are got a slightly buff.<br>- More roughly diamonds gain softcap.<br><br>[Dev comment]<br>Yeah, so small update after 2 months, cuz i started to make it yesterday, i just didn't want to do it. Well i actually did, but some troubles appeared and i couldn't make something. But 0.8 will change EVERYTHING, because it's Coins Update! New upgrades, mechanics changing and more! 0.9 also takes something like Prestige Update 2! Well, when i'll start to do it? Idk.",
    "version071": "<b>17.05.2023 | Digital God 0.7.1:</b><br>Design changes:<br>- Added \"α-\" to all \"coins\" strings without it.<br>- Fixed Prestige reset button text<br>Feature changes:<br>- Added statistics with latest 10 Prestige resets<br>- Added possibility to import from the file.<br>- Changelog appears in game itself not in separate file.<br>- Fixed bug which sends you annoying message about completing the game.<br>Gameplay changes:<br>- Fixed bug where you could turn on automation and it'll freeze the game.<br>- Increased diamonds gain softcap.<br>- Decreased Prestige upgrades effects.<br><br>[Dev Comment]<br>I'm really tired, that latest 10 Prestige resets feature took a lot of time, cuz i couldn't to export their strings. Next update - 0.8.",
    "version08": "<b>07.06.2023 | Digital God 0.8 | Coin Update:</b><br>Design changes:<br>- CHANGING TEXT THROUGH JSON FILES. Now it became easier to make any languages or adding to already existed. If someone interested on adding himself language dm me. <br>- Making numbers to scientific notation became easier.<br>- Upgrade buttons became smaller.<br>- Text became smaller.<br>- Coins per click appears when you clicking on the coin.<br>- Statistics tab looks better and \"About Game\" too.<br>- New tab - Achievements.<br>- Remade save, load, export, import, reset functions.<br>- Buying upgrades has same function but different arguments.<br>Feature changes:<br>- ABSOLUTELY REMAKE COINS!<br>- NEW UPGRADES - 15! 5 - Buybles and 10 singles. Some of them stay, some became little changed.<br>- COIN GAIN DIVIDED TO COINS PER SECOND AND COINS PER CLICK.<br>- OFFLINE GAIN! Gather coins while offline! (May be still unstable)<br>- U-Multiplier and U-Power! Reset all upgrades for getting better next time!<br>- ACHIEVEMENTS! Unlock achievements and get more bonus for coin gain. Some of them has their rewards.<br>Gameplay changes:<br>- Prestige and Automation has been removed. They're come in new colors in 0.9<br>- Now prestige goal is 1e15 coins, actually that's a main goal of the game.<br><br>[Dev comment]<br>That's crazy. I spent a whole 5 days (even more), 8+ hours each day on this. The real nightmare began with Achievements. I struggled for a long time to figure out how to make tooltips for them, and eventually someone suggested using Popper.js, which worked successfully. Then came the another horror - importing - I couldn't figure out how to save an array of achievement completions ([true, false, false, ...]), so I simply combined both base64 strings and split them during import. And then came the true worst nightmare - Offline Progress. I must have spent around 15 hours in total on it, constantly finding loopholes in this fragile paper ship that is barely holding together even now. Setting up the language was also a challenge, as even ChatGPT couldn't help. Overall, I'm really glad I overcame these challenges that once seemed impossible to me...",
    "version0801": "<b>16.06.2023 | Digital God 0.8.0.1:</b><br> Design changes: <br> - Single Upgrade button became sligtly brighter. <br>Gameplay changes: <br>- Fixed bug in Firefox, Opera, Safari when you couldn't get any coin per second. <br>- Default language is English<br>- Hard Reset clears local storage and reloads page. <br>- (PROBABLY) Fixed the bug when you could get extra coins after U-resets.",
    "version09": "<b>20.08.23 | Digital God 0.9 | It's time to change...</b><br>Design changes:<br>- Changed changelog window.<br>- Added new tabs: News and Super Shop.<br>- Added subtabs for Settings (Saving, Graphic, Other) and for Clicker (Coins and Overdrive).<br>- Information has new subtab: Multiplier Breakdown.<br>- Added hotkey footer in settings tab.<br>- Changed hover color for tab buttons.<br>- Added loading screen.<br>- Statistics has new info about Super Coins, clicks and spent days.<br>- Updated \"About game\" tab, now it has slightly more information and links for social networks.<br>- Scrollbar is back and got changed.<br>- Added autosave timer.<br>- Changed hard reset confirmation window to own.<br>- Added progress bar for Prestige goal.<br>Feature changes:<br>- ADDED SUPPORT FOR 0.8 AND 0.8.0.1 SAVES. After loading of old saves you never will have any problems with game.<br>- CODES WITH REWARDS. Enter gift code (only once) and get NICE Super Coins! Never enter \"digitalgod\" or you will get right code message.<br>- DAILY REWARDS! Collect random amount of Super coins every 24 hours.<br>- MULTIPLIER BREAKDOWN! Check every multiplier of gain.<br>- GAME LORE! In \"My dailybook\" window you (your main character) will write his thought about what is happening and you (player) will learn about game lore.<br>- HOW TO PLAY?! In \"How to play?\" window you can read information about some game mechanics.<br>- Added link for game in galaxy.click (more details in \"about game\")<br>- Added new notification about new diary page.<br>- Added 9 fonts.<br>- \"M\" hotkey became unavailable till 1000 clicks (yeah it worked before)<br>- Added \"Buy all\" button which buying max amount of one upgrade.<br>- Optimized button \"Buy max\".<br>- Code optimization.<br>Gameplay changes:<br>- SUPER SHOP AND SUPER COINS! Collect exclusive Super coins with 1/100 chance per click/second and spend them for 4 new exclusive upgrades!<br>- OVERDRIIIVE! Unlock scale which will increase your gain even more for just 100 Super Coins in the Super Shop.<br>- Decreased cost scaling for Doubler.<br>- Alpha-Particle has been changed to Alpha-Power, which increases power of coins per click.<br>- Cashback boosts whole gain instead of gain per second.<br>- Changed formula for Midas Cursor and now it multiplies coin gain instead of power.<br>- Added hardcap for Cashback (x100) and Activity 1.0 (^2).<br>- U-power exponent decreased to ^1.045.<br>- Added post-e13 softcap for coin gain per click and second.<br>- Fixed achievements not working properly/<br>- Decreased achievements bonus.",
    "version091": "<b>24.08.2023 | Digital God 0.9.1:</b><br>Interface changes:<br>- Slightly changed location of buttons in hard reset window.<br>- Slightly changed and fixed when text of coins per second gone beyond the line.<br>Feature changes:<br>- Added a window if your coins suddenly got NaNed with a suggestion to reset the game :).<br>- Rewritten code for windows and tab selection.<br>- Fixed a bug when it was possible to \"click\" on a coin in Firefox while holding Enter.<br>- Added limit on clicks per second (10) to prevent autoclicker.<br>- Fixed a bug where it was impossible to buy upgrades even if it was available.",
    "version092": "<b>25.08.2023 | Digital God 0.9.2:</b><br>Interface changes:<br>- Adaptation for mobile devices. Changed some details in the interface specifically for phones and made it possible to view the changelog or \"How to play\".<br>- Bugfix: coin count text was not centered.<br>- The coin has a circle button shape instead of a square.<br>- Bugfix: Overdrive tab didn't show. <br>Changes in game features:<br>- Added links to E-mail, Telegram chat, Telegram channel and Discord server in \"About the game\", join it!<br>- Bugfix: when text didn't update in \"Buy All\" button.",
    "version010": "<b>05.10.2023 | Digital God 0.10. Prestige Update 2.0. Part 1. Shards:</b><br>Interface changes:<br>- News tab has been returned. Now this is Events tab.<br>- Statistics have been updated for Prestige .<br>- Improved adaptation for mobile devices.<br>- Top panel has been slightly changed.<br>- When receiving a Super Coin for pressing, “+1” will be displayed.<br>- Names of achievements are displayed on  achievements themselves.<br>- Names of 4th and 5th Single Upgrades have been changed.<br>- Style of currency amounts has been changed from fully colored to only-amount colored.<br>- Buttons for unavailable upgrades and Single Upgrades have become brighter.<br>- Overdrive text no longer appears outside the bar.<br>- When overdrive is turned on, it shimmers white.<br>- Fixed text where in some places Super-Coins and Super Coins were written differently. Also added α letter to coins.<br>- Fixed the position of footer with hotkeys.<br>- Fixed a bug where arrows for achievement tooltips didn't appear.<br>Feature changes:<br>- NEW EVENT SYSTEM! Now game will have in-game events and the first one starts on October 5th and will last until October 12th.<br>- Added new code in honor of shirakamifubuki.<br>- Added 10 new achievements.<br>- Added diary pages for Post-Prestige.<br>- Added pages \"How to play?\" for Post-Prestige.<br>- Added 2 new multiplier statistics: chance of Super Coins and Crystals.<br>- The Progress bar has been redesigned, now it has one more goal, name of goals and the text no longer jumps.<br>- \"Overdrive\" page in \"How to play?\" was rewritten.<br>- Coins for clicks are calculated automatically.<br>- Offline production is calculated in a new way and has limit of 1,000,000 seconds.<br>- Game time is calculated every 50ms instead of 1 second.<br>- Added a button to mute the music.<br>- Fixed a bug that incorrectly calculated the chance of Super Coins.<br>Changes in gameplay:<br>- PRESTIGE! Reset everything to unlock new features! Requires 1e15 coins!<br>- PRESTIGE UPGRADES! Spend new prestige currency - Crystals for one of 18 upgrades to speed up your progress!<br>- MILESTONES! Reach a certain number of Prestige resets to make the game progress easier!<br>- AUTOMATION! Automate upgrade purchases or resets!<br>- SHARDS! Increase your coin gain by breaking Crystals or collecting something from them!<br>- Prices and scalings for Buyable Upgrades have been increased.<br>- Prices for Single Upgrades have been increased.<br>- Added softcap for coin gain at 1e15.<br>- Activity 1.0 hardcap decreased to ^1.5.<br>- The Overdrive formula has been changed, the effect is reduced but the growth is significantly increased.",

    "chapter1Name": "Beginning",
    "chapter2Name": "Upgrades",
    "chapter3Name": "U-multiplier",
    "chapter4Name": "U-power",
    "chapter5Name": "Prestige",
    "chapter6Name": "P. Upgrades",
    "chapter7Name": "Shards",
    "chapter8Name": "Automation",

    "chapter1": "<b> July 10, 2175. </b> <br> Who... am... I and... what is this place? <br> You dont remember anything. <br> I feel... feel something looking at me. <br> That \"something\" probably wants me to pick up those coins. <br> They had <b>Alpha</b> icon, I don't see anything except them. <br> I don't like it... <br> I think I have no choice...",
    "chapter2": "<b> July 11, 2175. </b> <br> Next day... <br> I've collected enough coins for buying something called <b>Upgrades</b>. <br> They're really became helpful, because I started to gaining more coins. <br> Anyway I hope it's not end and something more hides behind them.",
    "chapter3": "<b> July 14, 2175. </b> <br> After a few days and upgrades... <br> I'd unlock something new... <b>U-multiplier</b>... It gave me possibility to gain more coins... <br> Well... <br> I lost all my coins and upgrades. <br> But... <br> I became stronger! <br> I'll back them two times faster!",
    "chapter4": "<b> July 18, 2175. </b> <br> After a few U-multipliers... <br> I got a new thing <b>U-power</b>... <br> But it was way worse than U-multiplier, because it's effect was weak... <br> I almost did not see it, also it resets everything, even U-multipliers. <br> I did it only for progress.",
    "chapter5": "<b>July 30, 2175. </b><br>It's been quite some time...<br>Day after day in this empty world, I collected these coins.<br>I thought it was the end, but...<br>A message appeared above me...<br><ut>\"Become Prestige\"</ut><br>I had no idea what it meant, but I didn't care anymore.<br>And... After that, the world changed dramatically...<br>It gained a bright blue color, just like that message.<br>Could it be that I'm truly on the right path?",
    "chapter6": "<b>August 1, 2175. </b><br>After waking up once again...<br>In this unknown world,<br>I found something resembling a Crystal...<br>And something appeared too... they introduced themselves as <ut>Prestige Upgrades</ut><br>There were so many of them, but with my Crystal I could afford three...<br>I made my choice, though I doubt it will help me recover again...<br>I lost everything. All upgrades, all U-Multipliers, and all U-Powers.<br>But I have faith, faith that I will pass this Prestige faster!",
    "chapter7": "<b>August 11, 2175. </b><br>Unfortunately, no miracle happened...<br>This Prestige turned out to be faster, but I still spent a lot of energy on it...<br>However, the reward didn't take long to come.<br>I gained access to <ut>Shards</ut><br>Perhaps, to obtain them, I need to break this Crystal...<br>Is it worth 8 days of my life? Well, I don't think it's something I should be thinking about right now.<br>Getting out of here is what matters, and I'll do whatever it takes.",
    "chapter8": "<b>August 19, 2175. </b><br>After another Prestige reset, luck finally smiled upon me.<br>Not far from here, I found a pile of metal, and I couldn't figure out why I needed it for a long time.<br>Someone wants me to put it in the right way.<br>So I spent several days thinking about it...<br>And realized that the best way to use it would be to automate the monotonous progress in this world.<br>I called it the <ut>Automation</ut> revolution.<br>However, to start this machine, I had to spend this Crystal...<br>Crystals here must be very valuable, I regret breaking the second one... Even they started producing more coins tho.",

    "help1Name": "Beginning",
    "help2Name": "Tabs",
    "help3Name": "Upgrades",
    "help4Name": "U-multiplier",
    "help5Name": "U-power",
    "help6Name": "Super coins",
    "help7Name": "Overdrive",
    "help8Name": "Prestige",
    "help9Name": "Shards",
    "help10Name": "Automation",

    "help1": "Welcome to Digital God! Here you will find exciting and interesting adventure, where you, the main character, wake up in unknow world, where there is no one except you. Your goal is reveal all secrets of this world. Alpha-coins is gonna help you through this adventure, but they're seems suspicious for you. <br> <br> You can get Alpha-coins in two ways: Active and Passive.<br><br><ut>Active</ut> it's a way to get α-coins by clicking on α-coin icon in center of the screen. At beginning you'll get only one α-coin, but you can increase gain by buying upgrades, which you'll find at bottom. <br><br><ut>Passive</ut> gain of α-coins is alternative way. You can leave the game, close, or even turn off the computer, you'll still gain the same amount of α-coins! To start getting α-coins passively or \"per second\" (actually every 50ms) you need to buy first upgrade \"Small Investment\". You have enough α-coins for it. Later you can buy them more ane more, and then increase the gain by other upgrades! <br><br>Besides upgrades there is another α-coin multipliers. To learn more about them check other tabs. Good luck and have fun!",
    "help2": "Game has different tabs where you can read the information or do some action.<br><br><ut>Settings</ut> - tab, where you can change the game. <br> It's divided into tree subtabs: <ut>Saving</ut>, <ut>Graphic</ut>, <ut>Other</ut>.  <br> <ut>Saving</ut> - there you can do manual save/loading, change autosaving settings or import/export to file.<br> <ut>Graphic</ut> will allow to change the game looking <br> <ut>Other</ut> actually it doesn't have settings, but different information like changelog.<br><br><ut>Clicker</ut> - main tab. It does have two subtabs: <ut>Coins</ut> - there you can click on the α-coin and buy upgrades, and <ut>Overdrive</ut>, which will unlock later (check. Overdrive page) <br><br><ut>Achievements</ut> - it does show achievements, their requirements. which rewards they're give and total bonus based on their count.<br><br><ut>Information</ut> - does have three subtabs: <ut>Statistics</ut> - shows game time, count of different resources and some things, <ut>Multipliers</ut> - shows what and how much boosts the gain of different resources. <ut>About game</ut> - information about game, it's devs and thanks.",
    "help3": "<ut>Upgrades</ut> it's a kind of bonuses which has different effects. They can increase α-coin gain separately for clicks and per second or increase effect of other upgrade, and it'll give even more α-coins! There is 15.<br><br>There is two types of upgrades: Buyables and Singles.<br><br><ut>Buyable upgrades</ut> can be bought infinity times. Their effect oftenly depends on amount of purchases. Cost scaling with every purchasing and every upgrades has his own scaling.<br><br><ut>Single upgrades</ut> can be bought only once, and their effect oftenly depends on amount of some resource. Their cost always stays the same and do not increase.",
    "help4": "<ut>U-multiplier</ut> it's a first prestige mini-layer which resets all α-coins and upgrades in exchange for doubling the whole α-coin gain. After every reset you'll get x2 boost for α-coins (multiplicative (x2 -> x4 -> x8)) and requirement increases by 50 Small Investments.<br> <br>Starting requirement is 100 Small Investments, formula of req scaling is: <it>100+50*m</it>, where m - amount of U-multipliers.",
    "help5": "<ut>U-power</ut> it's a second prestige mini-layer which resets not only α-coins and upgrades, but also U-multipliers. After reset you'll increase exponent of α-coin gain by +0.045 (additive). Reset requirement is not only Small Investments, but also 4 U-multipliers. <br><br>Starting requirement for reset: 250 Small Investments and 4 U-multiplers. Req scaling increases only for Small Investment by formula: <it>250+100*p</it>, where p - amount of U-powers. , U-multiplier req stays the same.",
    "help6": "<ut>Super coins</ut> it's currency, which you can spend in Super shop. You can get them clicking on the α-coin and passively, with chance of 1/100 per click/second. Also <br> they can be obtained offline every 1000 seconds.<br><br>Super shop it's tab in which you can buy exclusive things to speed up progress, all items cost Super Coins. There is two types of items: Respecable (Buyables) and Non-Respecable (Singles). You can respec only Respecable items and refund all spent Super Coins, but it does not work Non-Respecables.<br><br>P.S.: Increasing of chance works like: if your chance increased by +50% then your chance of getting Super-coin will be 1.5/100 or 1/75.",
    "help7":"<ut>Overdrive</ut> that's one more way to increase α-coin gain. It does look like scale, which you fill with your α-coins by clicking on it. You spend more α-coins based on percent, but you will get bigger multiplier which increases exponentially. <br> <br> You can buy it in Super shop with 100 Super Coins.",
    "help8": "<ut>Prestige</ut> - the first full layer of prestige. <br><br>To do Prestige, you need a minimum of 1e15 α-coins. It resets all α-coins, upgrades, U-multiplier and U-powers. <br>In return, you will receive a new currency - <ut>Crystals</ut>. They don't anything, but you can use them to buy new Prestige Upgrades, break them into Shards, or upgrade automation.<br><br>After the first reset, you will unlock a new tab, \"Prestige\" as well as 4 sub-tabs: Prestige Upgrades, Milestones, Automation, and Shards.<br><br><ut>Prestige Upgrades.</ut> There are a total of 18 upgrades, there is two types of them: 16 single upgrades and 2 buyable ones. They differ slightly from α-coin upgrades in that they mostly have static effects and don't reset on Prestiges.<br><ut>Milestones</ut>. Every one require a certain number of Prestige resets and has various rewards to speed up your game progress.<br><ut>Automation</ut>. It helps automate the gameplay by buying upgrades or doing resets at some intervals.<br><ut>Shards</ut>. Increases α-coin gain by breaking Crystals and accumulating Shards.",
    "help9": "<ut>Shards</ut> - some kind of mini incremental game with its own clicker and generator, but you must collect them from Shards, which you can currently obtain only by breaking Crystals.<br>Shards also increase α-coin gain based on their amount.<br><br><ut>Breaking Crystals</ut> is the way to get Shards by destroying X amount of Crystals, which you specify in the corresponding window. Each Crystal can give from 1 to 100 Shards (value increases).<br><ut>Clicker and Shard Generator</ut> are unlocked when you pour 1000 Shards into each slot. They provide 1 Shard per click/second, and the value can be further increased.<br><ut>Buyable and Single Shard Upgrades</ut> are unlocked when you pour 10,000 and 100,000 Shards into each slot, respectively. There are only 3 Buyable upgrades, and they increase Shard gain from various factors. Single upgrades, on the other hand, provide different effects.",
    "help10": "<ut>Automation</ut> - a new tab in Prestige that allows you to automate buying of upgrades or resets.<br><br>There are a total of 5 automations in the game that you can unlock in milestones. At first time, they will have a long interval, but you can reduce it by a certain percentage using Crystals. After reducing the interval to the minimum possible (50 ms), you will unlock additional features (if you have it's milestone), such as bulk buy of upgrades and setting your own interval or conditions for resets.<br><br><it>Note: For setting time values, seconds are used. So if you want to specify a value in milliseconds, use numbers like 0.05 (50 ms) or 0 (=50 ms).</it>",

    "noEvent": "There are no events in the game right now, come back later",

    "spiritualEventTitle": "Welcome to Spiritual Event!",
    "spiritualEventDesc": "This world has been overrun by an unknown energy, something like that only fox spirits could emit hundreds of years ago, and now your clicks produce Spirits that gives various effects!",
    "spiritualEventCurrency": "You have <spn>{{spirits}}</spn> spirits, that provide the following effects:",
    "spiritualEventEffects": "x{{effect1}} α-coin gain<br>x{{effect2}} chance of Super Coins<br>x{{effect3}} Crystals gain<br>x{{effect4}} Shards per second<br> Daily Super Coins are also doubled during the event period",
    "spiritualEventTime": "The event is available from 10/05/2023 00:00 to 10/12/2023 23:59"
}
